Task_ID,Success_Rate,Latency,Decision,Tail,Fairness,Utilization,Throughput
0,100.0,0.0,Exploit (AI),0.17834099094930733,0.1999999998,0.0,0.3932280223095
1,100.0,0.5893536724687598,Exploit (AI),3.149729439251245,0.3999999998,0.2,0.42198741335219286
2,100.0,0.33666901495923285,Exploit (AI),3.062280852750217,0.5999999998,0.2,0.4997583550946157
3,100.0,0.08821882148183216,Exploit (AI),3.6524593361253404,0.5333333332444444,0.2,0.3909035568475369
4,100.0,0.12303443057922095,Exploit (AI),3.632086334291576,0.7142857141836734,0.2,0.44244602127351645
5,100.0,0.2051878730638021,Explore (Randomized),3.6117133324578115,0.59999999995,0.2,0.44946236787669286
6,100.0,0.3203128835501386,Exploit (AI),3.591340330624047,0.6533333332897777,0.2,0.42805385823423014
7,100.0,0.31513409000029513,Exploit (AI),3.570967328790283,0.5818181817917355,0.4,0.46808090875856534
8,100.0,0.0,Exploit (AI),3.5505943269565186,0.64799999997408,0.0,0.37078016572660416
9,100.0,0.08417865385718588,Explore (Randomized),3.530221325122754,0.5882352941003461,0.2,0.35935784363297457
10,100.0,0.0,Exploit (AI),3.647474122922694,0.62051282049691,0.0,0.3479043757934501
11,100.0,0.6419288125452779,Exploit (AI),3.863701250484665,0.719999999982,0.2,0.3334719355153241
12,100.0,0.747951651106424,Exploit (AI),3.8502628734257147,0.7860465116096269,0.4,0.33771234843661974
13,100.0,0.0,Explore (Randomized),3.8338527123982256,0.7839999999843201,0.0,0.3208840011635581
14,100.0,0.0,Exploit (AI),3.8174425513707355,0.7377049180206934,0.0,0.3148477510324408
15,100.0,0.0,Exploit (AI),3.801032390343246,0.7999999999875,0.0,0.3218326153309947
16,100.0,0.0,Exploit (AI),3.784622229315756,0.8376811594081496,0.0,0.3131636411423295
17,100.0,0.38848611768775526,Exploit (AI),3.768212068288266,0.7902439024293872,0.2,0.31056366046255973
18,100.0,0.4323156826314135,Explore (Randomized),3.751801907260776,0.8112359550470648,0.4,0.3237709307948158
19,100.0,0.1595533736632037,Exploit (AI),3.735391746233287,0.816326530603915,0.2,0.3268268015052559
20,100.0,0.0,Exploit (AI),3.718981585205797,0.8091743119191818,0.0,0.3375932321224445
21,100.0,0.287741497172857,Exploit (AI),3.89174219905877,0.793442622944316,0.2,0.3426163202761273
22,100.0,0.5113820356410181,Exploit (AI),3.882649535171771,0.7722627737169908,0.4,0.3517992910993275
23,100.0,0.1280747290054721,Exploit (AI),3.8735568712847726,0.7578947368371192,0.2,0.347518786831821
24,100.0,0.6102723395915925,Exploit (AI),3.884681966197856,0.7396449704098247,0.2,0.3400007901205531
25,100.0,0.6439978644307132,Exploit (AI),3.880643742010878,0.7595505617934857,0.4,0.3455593229996544
26,100.0,0.0,Exploit (AI),3.8766055178239,0.7967213114710562,0.0,0.34972028379157505
27,100.0,0.0,Exploit (AI),3.872567293636922,0.7762376237585336,0.0,0.3509158183148514
28,100.0,0.29203885979299604,Exploit (AI),3.9886448286316627,0.7542600896827164,0.2,0.35368270184289985
29,100.0,0.0,Exploit (AI),3.9813273314911712,0.7317073170701963,0.0,0.3374372088018569
30,100.0,0.0,Exploit (AI),3.9740098343506807,0.7092250922483054,0.0,0.3464930240456367
31,100.0,0.4192618211050384,Exploit (AI),4.103748468268794,0.711111111108642,0.2,0.3504594945728651
32,100.0,0.25272902580740964,Exploit (AI),4.097463616878438,0.7284280936430487,0.4,0.35448970827503484
33,100.0,0.1769100136313936,Exploit (AI),4.191004419993066,0.7270440251549464,0.2,0.34713361450844643
34,100.0,0.3949407730334832,Exploit (AI),4.188415479074442,0.7101449275341735,0.2,0.34747879183514685
35,100.0,0.4113013107562288,Exploit (AI),4.18582653815582,0.693048128340393,0.2,0.34819222544587775
36,100.0,0.9726777946208754,Explore (Randomized),4.229498579377051,0.7186351706017884,0.4,0.35600024204457265
37,97.36842105263158,0.5357605814126503,Exploit (AI),4.228289097516578,0.7009708737847063,0.4,0.34691682532940393
38,97.43589743589743,0.0,Exploit (AI),4.2270796156561055,0.7025404157027655,0.0,0.3393062176218313
39,97.5,0.6190477292694735,Exploit (AI),4.237136804960794,0.7017543859633734,0.2,0.3446025668689964
40,97.5609756097561,0.0,Exploit (AI),4.236520305793224,0.7168443496786422,0.0,0.3246810768786189
41,97.61904761904762,0.0,Exploit (AI),4.235927323100321,0.7141700404843843,0.0,0.3248753836545231
42,97.67441860465115,0.0,Explore (Randomized),4.235334340407418,0.7265225933188084,0.0,0.32291780129571357
43,97.72727272727273,0.615211024086837,Exploit (AI),4.2347413577145145,0.7361216730024028,0.2,0.3233498602121769
44,97.77777777777777,0.4622974839271361,Exploit (AI),4.234148375021611,0.7431192660536824,0.2,0.31893210231646496
45,97.82608695652173,0.04831439046845132,Exploit (AI),4.233555392328708,0.7694545454531465,0.2,0.3194660847138549
46,97.87234042553192,0.0,Exploit (AI),4.232962409635805,0.7737302977219375,0.0,0.30835061336819086
47,97.91666666666666,0.6894485740253498,Exploit (AI),4.232369426942902,0.7757575757562698,0.2,0.3137877724433163
48,97.95918367346938,0.3038693180907197,Exploit (AI),4.2317764442499985,0.7963515754547325,0.2,0.3110043758213854
49,98.0,0.40476668034876456,Exploit (AI),4.231183461557095,0.7961783439477768,0.4,0.3167589062732017
50,98.0392156862745,0.4239155480847188,Exploit (AI),4.230590478864192,0.7941984732812303,0.2,0.3186225124896149
51,98.07692307692307,0.26765416511087153,Explore (Randomized),4.229997496171288,0.8169184290017871,0.2,0.3172745543614621
52,98.11320754716981,0.0941003532140365,Exploit (AI),4.229404513478385,0.8347696879630985,0.2,0.3194275453605913
53,98.14814814814815,0.5180229184316912,Exploit (AI),4.228811530785482,0.8501457725935129,0.2,0.32286252202471566
54,98.18181818181819,0.7292739257093285,Exploit (AI),4.240219300798643,0.8414464534063402,0.4,0.32585415981350085
55,98.21428571428571,0.3635411360819682,Exploit (AI),4.275873850761226,0.8385026737956705,0.4,0.3269257501440596
56,98.24561403508771,0.0,Exploit (AI),4.270469138437904,0.8298850574702045,0.0,0.3246727034751775
57,98.27586206896551,0.0,Exploit (AI),4.265064426114583,0.8204878048770481,0.0,0.327441101125779
58,98.30508474576271,0.0,Exploit (AI),4.259659713791261,0.8104772991841553,0.0,0.3274182178921689
59,98.33333333333333,0.2650776174260613,Exploit (AI),4.25425500146794,0.7999999999991111,0.2,0.32959468413308507
60,98.36065573770492,0.0,Exploit (AI),4.2488502891446185,0.7891834570511249,0.0,0.32015381929522857
61,98.38709677419355,0.0,Exploit (AI),4.248233789977049,0.7781376518210747,0.0,0.3157636758349648
62,98.4126984126984,0.0,Exploit (AI),4.247617290809479,0.7669565217383894,0.0,0.31023044940679995
63,98.4375,0.44257234104689325,Exploit (AI),4.247000791641909,0.7713747645943771,0.2,0.3119063224151771
64,98.46153846153847,0.5311742214629022,Exploit (AI),4.24638429247434,0.7845868152267552,0.4,0.31575791314630075
65,98.48484848484848,0.24444574777912037,Explore (Randomized),4.24576779330677,0.7877034358039894,0.2,0.3148909061292068
66,98.50746268656717,0.29834407976797717,Exploit (AI),4.2451512941392,0.7773160173153443,0.2,0.3162961437889584
67,98.52941176470588,0.23458655228590192,Exploit (AI),4.2445347949716306,0.7797639123096292,0.2,0.31555000957176405
68,98.55072463768117,0.1215786361007043,Exploit (AI),4.243918295804061,0.7811320754710572,0.2,0.31672637120055525
69,98.57142857142858,0.35306496637243423,Exploit (AI),4.243301796636491,0.7814992025512109,0.2,0.31536462157387496
70,98.59154929577466,0.06961198885993695,Exploit (AI),4.242685297468921,0.7845914396881053,0.2,0.31488999485895214
71,98.61111111111111,0.0,Exploit (AI),4.242068798301352,0.7866464339902984,0.0,0.3100915865439178
72,98.63013698630137,0.0,Exploit (AI),4.2414522991337815,0.7877309682181909,0.0,0.3095042551082035
73,98.64864864864865,0.6641134261095489,Exploit (AI),4.240835799966212,0.7879136690641814,0.2,0.3067254955760655
74,98.66666666666667,0.27966680760577567,Exploit (AI),4.240219300798643,0.7883672039237642,0.2,0.3084360741325883
75,98.68421052631578,0.19511318786621637,Explore (Randomized),4.239602801631072,0.7879945429735415,0.2,0.30773076833764096
76,98.7012987012987,0.5263824913659294,Exploit (AI),4.238986302463503,0.786861313868091,0.2,0.30995715677640406
77,98.71794871794873,0.6175680204070657,Exploit (AI),4.238369803295933,0.8026385224269111,0.4,0.31302255398325857
78,98.73417721518987,0.26825242874891125,Exploit (AI),4.237753304128364,0.8142204827131022,0.4,0.3155473635961498
79,98.75,0.16015437387532333,Exploit (AI),4.237136804960794,0.8121827411162359,0.2,0.31527713378308236
80,98.76543209876543,0.7365660187004155,Exploit (AI),4.2488502891446185,0.8065150583891785,0.2,0.3162541000437383
81,98.78048780487805,1.2109624723250971,Exploit (AI),4.248233789977049,0.8072028811519765,0.4,0.31892018320999516
82,97.59036144578313,1.7490108771904935,Exploit (AI),4.247617290809479,0.8052600818230243,0.6,0.31861694284525305
83,97.61904761904762,0.5085194990987938,Exploit (AI),4.247000791641909,0.8157225433521296,0.6,0.31900116620614066
84,97.6470588235294,0.0,Exploit (AI),4.24638429247434,0.8104318564213066,0.0,0.31462168184249406
85,97.67441860465115,0.11023602358951275,Exploit (AI),4.24576779330677,0.8083060109285201,0.2,0.31621198950990564
86,97.70114942528735,0.004651608730754898,Exploit (AI),4.2451512941392,0.8090860502400806,0.0,0.31873203233787006
87,97.72727272727273,0.04056573485369368,Exploit (AI),4.2445347949716306,0.8229543039315499,0.2,0.31971505926315413
88,97.75280898876404,0.6664544985093606,Exploit (AI),4.29559292282208,0.835989445909849,0.2,0.31754336825512286
89,97.77777777777777,0.07264379924206503,Exploit (AI),4.291697703348959,0.845511482254256,0.2,0.3170250491891263
90,97.8021978021978,0.06850752481545892,Exploit (AI),4.287802483875836,0.854151624548296,0.2,0.3165579909228436
91,97.82608695652173,0.0,Exploit (AI),4.283907264402715,0.8489468405211389,0.0,0.3155233780323139
92,97.84946236559139,0.5641371820912567,Explore (Randomized),4.280012044929593,0.8610253857636331,0.2,0.31390784134587896
93,97.87234042553192,0.48989097168857504,Explore (Randomized),4.276116825456471,0.8688298918383142,0.4,0.3151466775554257
94,97.89473684210527,0.0,Exploit (AI),4.272221605983349,0.8800585080444271,0.0,0.30943456513281
95,97.91666666666666,0.2098124926106964,Exploit (AI),4.268326386510227,0.8870067372469264,0.2,0.309448289413266
96,97.9381443298969,0.31670863418566736,Explore (Randomized),4.264431167037105,0.897377205531284,0.2,0.31164804819696906
97,97.95918367346938,0.24505884992435165,Exploit (AI),4.260535947563984,0.9068932955614226,0.2,0.30963423585547245
98,97.97979797979798,0.08811024735572817,Exploit (AI),4.256640728090861,0.9155534796819638,0.2,0.30720288232017723
99,98.0,0.0,Exploit (AI),4.25274550861774,0.9233610341639319,0.0,0.30635159724758326
100,97.02970297029702,0.4647809720009489,Exploit (AI),4.2488502891446185,0.9177687809262628,0.2,0.30475761260895134
101,97.05882352941177,0.0,Exploit (AI),4.248233789977049,0.915845070422132,0.0,0.30138513998718314
102,97.0873786407767,0.023797589776888173,Exploit (AI),4.247617290809479,0.9221208170356705,0.2,0.30343845769623906
103,97.11538461538461,0.4993248040874418,Exploit (AI),4.247000791641909,0.9197278911560716,0.2,0.30068489054539504
104,97.14285714285714,0.0,Exploit (AI),4.24638429247434,0.9253042383546264,0.0,0.29679043886075135
105,97.16981132075472,0.40107730850446643,Exploit (AI),4.24576779330677,0.9301324503307408,0.2,0.29427932847811267
106,97.19626168224299,0.40869336644882803,Exploit (AI),4.2451512941392,0.9372902169459937,0.4,0.29604945941755045
107,97.22222222222221,0.0,Exploit (AI),4.2445347949716306,0.941404358353131,0.0,0.29664285550916086
108,97.24770642201835,0.4420081368206324,Exploit (AI),4.243918295804061,0.9478260869561437,0.2,0.298813963471118
109,97.27272727272728,0.15506118616455672,Exploit (AI),4.243301796636491,0.9512578616348462,0.2,0.3004179178183578
110,97.2972972972973,0.13415221626511814,Exploit (AI),4.242685297468921,0.9525318902199642,0.2,0.3020025441473136
111,97.32142857142857,0.3659354687913234,Exploit (AI),4.242068798301352,0.9582887700531099,0.2,0.3029119179344075
112,97.34513274336283,0.026198544041252703,Exploit (AI),4.2414522991337815,0.9611592021072785,0.2,0.3042546439705856
113,97.36842105263158,0.12379878644985991,Exploit (AI),4.240835799966212,0.9619541080677416,0.2,0.30442209320849495
114,97.3913043478261,0.0,Exploit (AI),4.240219300798643,0.962168061112782,0.0,0.3057501194890142
115,97.41379310344827,0.0,Exploit (AI),4.239602801631072,0.9618298784842881,0.0,0.30403256563522313
116,97.43589743589743,0.34367199272062493,Exploit (AI),4.238986302463503,0.9670787707520427,0.2,0.30522483341665335
117,97.45762711864407,0.0,Exploit (AI),4.238369803295933,0.9635986159166215,0.0,0.30614972202734786
118,97.47899159663865,0.23841738422237863,Exploit (AI),4.237753304128364,0.9682735042731732,0.2,0.30702266860720107
119,97.5,0.06069963286311344,Exploit (AI),4.237136804960794,0.9645010046882235,0.2,0.3082230401890799
120,97.52066115702479,0.0,Exploit (AI),4.236520305793224,0.9641751728676443,0.0,0.31004311772694476
121,97.54098360655738,0.25638789610534485,Exploit (AI),4.235927323100321,0.9633656957925685,0.2,0.3106689664148023
122,97.5609756097561,0.26038712500446165,Exploit (AI),4.235334340407418,0.9596574690767651,0.2,0.3107189987856597
123,97.58064516129032,0.0,Exploit (AI),4.2347413577145145,0.9556246115596781,0.0,0.31050105218590673
124,97.6,0.5437275184988615,Exploit (AI),4.234148375021611,0.9600614439321167,0.2,0.3126989316890087
125,97.61904761904762,0.0,Exploit (AI),4.233555392328708,0.9558097531604589,0.0,0.30996681157711764
126,97.63779527559055,0.13417491745000326,Explore (Randomized),4.232962409635805,0.9512828074311557,0.2,0.3102347579582711
127,97.65625,0.30087922846168147,Exploit (AI),4.232369426942902,0.9465049104561103,0.2,0.30903272291886236
128,97.67441860465115,0.5891031852876879,Exploit (AI),4.2317764442499985,0.9468563300139554,0.2,0.31016068694625126
129,97.6923076923077,0.690651766256134,Exploit (AI),4.231183461557095,0.9467787114843287,0.4,0.3123031849241671
130,97.70992366412213,0.0,Exploit (AI),4.230590478864192,0.9504846302960537,0.0,0.31226248890161784
131,97.72727272727273,0.4537006760147172,Exploit (AI),4.229997496171288,0.9536945812805272,0.2,0.31112074709061177
132,97.74436090225564,0.8316893576324442,Exploit (AI),4.229404513478385,0.9538420059312608,0.4,0.3125768146696366
133,97.76119402985076,0.0,Exploit (AI),4.228811530785482,0.9535847052573145,0.0,0.30919743576302056
134,97.77777777777777,0.0,Exploit (AI),4.2282185480925785,0.9494660067723498,0.0,0.3082791365473418
135,97.79411764705883,0.0,Exploit (AI),4.227625565399675,0.9451200817575511,0.0,0.3089945904327518
136,97.8102189781022,0.3821296652147545,Exploit (AI),4.227032582706772,0.9453034500123533,0.2,0.3109208010140692
137,97.82608695652173,0.13768562376017196,Exploit (AI),4.226439600013869,0.9451116625307829,0.2,0.3112706660706715
138,97.84172661870504,0.2966766252522959,Exploit (AI),4.225846617320966,0.9450232330640879,0.2,0.31207456250151455
139,97.85714285714285,0.16565914845906252,Exploit (AI),4.2252536346280625,0.9482341557810962,0.4,0.3136295255877398
140,97.87234042553192,0.3296281765981242,Exploit (AI),4.224660651935159,0.9442412728565793,0.2,0.31497067384644273
141,97.88732394366197,0.0,Explore (Randomized),4.223755814736207,0.944007490636483,0.0,0.31258431812295995
142,97.9020979020979,0.16603599294490837,Exploit (AI),4.222850977537255,0.9434371395614893,0.2,0.3131975511826712
143,97.91666666666666,0.0,Exploit (AI),4.221946140338302,0.9395559583142411,0.0,0.3138374497081524
144,97.93103448275862,0.7367551891469001,Explore (Randomized),4.234148375021611,0.9388256307209334,0.2,0.3154914477492798
145,97.94520547945206,1.2086209746632695,Exploit (AI),4.233555392328708,0.9390308370041983,0.4,0.31762464023050196
146,97.95918367346938,0.0,Exploit (AI),4.232962409635805,0.9352521099327125,0.0,0.31556791375300336
147,97.97297297297297,0.2901141480895927,Exploit (AI),4.232369426942902,0.9352690008537712,0.2,0.3157565579370008
148,97.98657718120806,0.36475359024670084,Exploit (AI),4.2317764442499985,0.9385330796869713,0.2,0.31668976470438576
149,98.0,0.1809933294802427,Exploit (AI),4.2311834615570945,0.934773577066694,0.2,0.3160356620793392
150,98.01324503311258,0.0,Exploit (AI),4.230590478864192,0.9308430291894404,0.0,0.3165421869495673
151,98.02631578947368,0.0,Exploit (AI),4.229997496171288,0.926754913758338,0.0,0.3179173273980956
152,98.0392156862745,0.0,Exploit (AI),4.229404513478385,0.9225221674875028,0.0,0.3181191699443875
153,98.05194805194806,0.25643407288650677,Exploit (AI),4.228811530785482,0.918157181571638,0.2,0.31580752612625945
154,98.06451612903226,0.09003546781553431,Exploit (AI),4.2282185480925785,0.918211351041292,0.2,0.31734676302908427
155,98.07692307692307,0.0,Exploit (AI),4.227625565399675,0.9179932101092194,0.0,0.3171845872409709
156,98.08917197452229,0.2394569384277312,Explore (Randomized),4.227032582706772,0.9137720111212393,0.2,0.3176240731275369
157,98.10126582278481,0.7109435245921981,Exploit (AI),4.238369803295933,0.9134284668860384,0.2,0.31697473255788844
158,98.11320754716981,0.4516801264804496,Exploit (AI),4.237753304128364,0.9168087035356451,0.4,0.3177480156411826
159,98.125,0.18014246393724614,Exploit (AI),4.237136804960794,0.9175627240141724,0.2,0.3178239958070074
160,98.13664596273291,0.3823390187053326,Exploit (AI),4.236520305793224,0.920653525128588,0.4,0.3196659853347358
161,98.14814814814815,0.044023060420982495,Exploit (AI),4.235927323100321,0.9201963534360237,0.2,0.3204276922978919
162,98.15950920245399,0.5464326245515448,Exploit (AI),4.235334340407418,0.9195016438828656,0.2,0.32203068891016656
163,98.17073170731707,0.7516508730460714,Exploit (AI),4.2347413577145145,0.920150530276955,0.4,0.3233418455751217
164,98.18181818181819,0.6662567860612161,Exploit (AI),4.234148375021611,0.9230378030173041,0.6,0.32448269149730535
165,98.19277108433735,0.0,Exploit (AI),4.233555392328708,0.9194527861192994,0.0,0.32377815402051385
166,98.20359281437125,0.0,Exploit (AI),4.232962409635805,0.9187613243286248,0.0,0.3241741301036599
167,98.21428571428571,0.3257138394039683,Explore (Randomized),4.232369426942902,0.9214495592554812,0.2,0.32266838906202844
168,98.22485207100591,0.35802698086724616,Exploit (AI),4.2317764442499985,0.9205801772762415,0.4,0.3237930698306103
169,98.23529411764706,0.021885988317462423,Exploit (AI),4.2311834615570945,0.9212623525659991,0.2,0.32487905409052276
170,98.24561403508771,0.40155128244223837,Exploit (AI),4.230590478864192,0.9237403253828899,0.2,0.3260612827513245
171,98.25581395348837,0.0,Explore (Randomized),4.229997496171288,0.9227698066124574,0.0,0.31909360738206877
172,98.26589595375722,0.1470891086733433,Explore (Randomized),4.229404513478385,0.9216012317165632,0.2,0.3197926975699424
173,98.27586206896551,0.1527796458230526,Exploit (AI),4.228811530785482,0.9267217630852576,0.2,0.31970193844568723
174,98.28571428571429,0.0,Exploit (AI),4.2282185480925785,0.9236917508669997,0.0,0.3196151492775186
175,98.29545454545455,0.3032978437050595,Exploit (AI),4.227625565399675,0.9285371702636497,0.2,0.3194947719289488
176,98.30508474576271,0.5619031258840084,Exploit (AI),4.227032582706772,0.9253876827645952,0.2,0.3162658488842297
177,98.31460674157303,1.0147302247550125,Exploit (AI),4.226439600013869,0.9242707117851626,0.4,0.31778173222092276
178,98.32402234636871,0.0,Exploit (AI),4.225846617320966,0.9251046629131043,0.0,0.31686026854354876
179,98.33333333333333,0.0,Exploit (AI),4.2252536346280625,0.9220261809901931,0.0,0.31663129711321425
180,98.34254143646409,0.2207143855290624,Explore (Randomized),4.224660651935159,0.9245378862705058,0.2,0.3177617280645441
181,98.35164835164835,0.0,Exploit (AI),4.223755814736207,0.9213908205840163,0.0,0.31742703326877403
182,98.36065573770492,0.0,Exploit (AI),4.222850977537255,0.9181357093898671,0.0,0.31855104041946014
183,98.36956521739131,0.0,Exploit (AI),4.221946140338302,0.9205002718867697,0.0,0.31953052762475787
184,98.37837837837839,0.32288190754296553,Exploit (AI),4.22104130313935,0.9226310823559882,0.2,0.31981154752113033
185,98.38709677419355,0.24440956148536772,Exploit (AI),4.2201364659403975,0.9193728408183736,0.2,0.3213471976246106
186,98.3957219251337,0.5132214489258735,Exploit (AI),4.219231628741444,0.9186654406934297,0.2,0.3223120996488361
187,98.40425531914893,0.047065130570969414,Exploit (AI),4.218326791542492,0.9196981524849179,0.2,0.32233772865880256
188,98.4126984126984,0.0,Exploit (AI),4.21742195434354,0.918868167202454,0.0,0.3218544338057169
189,98.42105263157895,0.6367722102724964,Exploit (AI),4.216517117144587,0.9157787924910049,0.2,0.3233815813873423
190,98.42931937172776,0.38771406414246057,Exploit (AI),4.215612279945635,0.9148840125390701,0.4,0.32415451593540506
191,98.4375,0.2658277682251227,Exploit (AI),4.214707442746683,0.913832424392549,0.4,0.3252248924906102
192,98.44559585492227,0.11329476784184882,Exploit (AI),4.2138026055477305,0.9148716689179767,0.4,0.32658759791706427
193,98.4536082474227,0.6739568369310092,Exploit (AI),4.228811530785482,0.9137169215827974,0.2,0.327569204706202
194,98.46153846153847,0.6012885022535815,Exploit (AI),4.2282185480925785,0.91461214672268,0.4,0.3284674787680806
195,98.46938775510205,0.06232795894197798,Exploit (AI),4.227625565399675,0.9118442914786479,0.2,0.32912978520608155
196,98.47715736040608,0.0,Exploit (AI),4.227032582706772,0.9089823164303888,0.0,0.329787539255837
197,98.48484848484848,0.0,Exploit (AI),4.226439600013869,0.906031892766246,0.0,0.3306518351591247
198,98.49246231155779,0.0,Exploit (AI),4.225846617320966,0.9029985178427883,0.0,0.3304981025283817
199,98.5,0.0,Exploit (AI),4.2252536346280625,0.899887514060641,0.0,0.32882969635676423
200,98.50746268656717,0.5394871922365666,Exploit (AI),4.224660651935159,0.9009031107145834,0.2,0.3299745559486198
201,98.51485148514851,0.19845343550239422,Exploit (AI),4.223755814736207,0.8977777777776789,0.4,0.3303894217070483
202,98.52216748768473,0.0,Explore (Randomized),4.222850977537254,0.8945837403667757,0.0,0.32869197132863925
203,98.52941176470588,0.1963330868154743,Exploit (AI),4.221946140338302,0.8913257656884888,0.2,0.32992859852071144
204,98.53658536585365,0.15878981496381853,Exploit (AI),4.22104130313935,0.8923452595816017,0.4,0.33135864893006944
205,98.54368932038835,0.0,Exploit (AI),4.2201364659403975,0.8890844332703866,0.0,0.3316644992907092
206,98.55072463768117,0.21341888435079648,Exploit (AI),4.219231628741444,0.8899989614704652,0.2,0.3313482027781425
207,98.5576923076923,0.0,Exploit (AI),4.218326791542492,0.8867390858781627,0.0,0.3319719960940262
208,98.56459330143541,0.0,Exploit (AI),4.21742195434354,0.8893617021275689,0.0,0.3311382449318776
209,98.57142857142858,0.2002488196606677,Exploit (AI),4.216517117144587,0.8918099089988986,0.2,0.33064184894323617
210,98.5781990521327,0.1758265457253529,Exploit (AI),4.215612279945635,0.8964260545654991,0.2,0.33115038442962536
211,98.58490566037736,0.11538113799412741,Exploit (AI),4.214707442746683,0.900861896171487,0.2,0.32846295781799195
212,98.59154929577466,0.12688631851115528,Exploit (AI),4.2138026055477305,0.9006253101736078,0.2,0.3288333648140173
213,98.5981308411215,0.0,Exploit (AI),4.212897768348778,0.9002555533712501,0.0,0.3294538650812913
214,98.6046511627907,0.0,Exploit (AI),4.211992931149825,0.8997566909974792,0.0,0.3238642756304307
215,98.61111111111111,0.0,Exploit (AI),4.211088093950873,0.8991327808825496,0.0,0.32075866666995556
216,98.61751152073732,0.1433658252105161,Exploit (AI),4.210183256751921,0.8983878660687876,0.2,0.3186866967213207
217,98.62385321100918,0.0642612094850417,Exploit (AI),4.209278419552968,0.897525967894155,0.2,0.3187534589366307
218,98.63013698630137,0.2847480325259667,Exploit (AI),4.208373582354016,0.8999155643117646,0.2,0.31956080620791283
219,98.63636363636363,0.031621981145880704,Exploit (AI),4.207468745155063,0.8989598811291883,0.2,0.31941388580169644
220,98.64253393665159,0.0,Exploit (AI),4.206563907956111,0.8978950271163803,0.0,0.3201092855409011
221,98.64864864864865,0.3318285953855069,Exploit (AI),4.204879804236441,0.8967248908296126,0.2,0.32077042731895183
222,98.65470852017937,0.0,Exploit (AI),4.20319570051677,0.8941652431897065,0.0,0.3206149540877249
223,98.66071428571429,0.0,Exploit (AI),4.201511596797101,0.8915422885571346,0.0,0.3202758472008853
224,98.66666666666667,0.0,Explore (Randomized),4.1998274930774295,0.8904230058921034,0.0,0.3199775274572568
225,98.67256637168141,0.0,Exploit (AI),4.19814338935776,0.8892061281336272,0.0,0.320372289731584
226,98.6784140969163,0.0,Exploit (AI),4.19645928563809,0.8878952356335927,0.0,0.3195764320902266
227,98.68421052631578,0.05751409911321943,Exploit (AI),4.194775181918419,0.8921228762655832,0.2,0.31985209396959563
228,98.68995633187772,0.5006963915634772,Exploit (AI),4.19309107819875,0.8907176220806037,0.2,0.3200253599335359
229,98.69565217391305,0.49074456777963976,Exploit (AI),4.1914069744790785,0.8920741989881203,0.4,0.32074964731999916
230,98.7012987012987,0.0,Exploit (AI),4.189722870759409,0.8944933366858692,0.0,0.32019006510063525
231,98.70689655172413,0.0,Exploit (AI),4.188038767039739,0.8921597878335079,0.0,0.3204264859761998
232,98.71244635193133,0.6560553953576923,Exploit (AI),4.186354663320068,0.8962278167560135,0.2,0.321147181846349
233,98.71794871794873,0.0,Explore (Randomized),4.184670559600399,0.8938295788441973,0.0,0.31934251847249095
234,98.72340425531915,0.3795015483611916,Explore (Randomized),4.211992931149825,0.897748516621889,0.2,0.31976241501182756
235,98.72881355932203,0.0,Exploit (AI),4.211088093950873,0.900064641241039,0.0,0.31978557460776097
236,98.73417721518987,0.0,Exploit (AI),4.210183256751921,0.8976268477825889,0.0,0.32052238450483717
237,98.73949579831933,0.0,Exploit (AI),4.209278419552968,0.8989684177114029,0.0,0.3200384983376872
238,98.74476987447699,0.45225823355755923,Exploit (AI),4.208373582354016,0.897776031434114,0.2,0.32054787884437047
239,98.75,0.40429841644303705,Exploit (AI),4.207468745155063,0.8990167004837756,0.4,0.32169066465479984
240,98.7551867219917,0.19454630266707199,Exploit (AI),4.206563907956111,0.9001317318867957,0.2,0.32269960037233836
241,98.7603305785124,0.0,Exploit (AI),4.204879804236441,0.9011232497306584,0.0,0.3221925321503426
242,98.76543209876543,0.0,Exploit (AI),4.20319570051677,0.8999314181207878,0.0,0.32227825886903055
243,98.77049180327869,0.02254754256164899,Exploit (AI),4.201511596797101,0.898656603773517,0.2,0.3214846997486595
244,98.77551020408163,0.3679607178509009,Exploit (AI),4.202145632591062,0.8973017415351746,0.2,0.32178026047473224
245,98.78048780487805,0.0,Exploit (AI),4.2010410637498,0.8982633219533249,0.0,0.32056702974620666
246,98.38056680161942,0.0,Exploit (AI),4.199936494908538,0.8968614479969939,0.0,0.3190029435132794
247,98.38709677419355,0.05223897406544124,Exploit (AI),4.1988319260672755,0.8953850633279301,0.2,0.31948945787838595
248,98.39357429718876,0.0,Exploit (AI),4.197727357226014,0.8938369494701294,0.0,0.3196468251771042
249,98.4,0.15289385260906896,Exploit (AI),4.196622788384751,0.8947745168216968,0.2,0.3201727727161746
250,98.40637450199203,0.4215021557710232,Exploit (AI),4.195518219543489,0.8971306514773302,0.4,0.3212072616861398
251,98.4126984126984,0.10142945730659507,Exploit (AI),4.194413650702227,0.8979638009049138,0.2,0.3218904208321248
252,98.41897233201581,0.44013645226364984,Exploit (AI),4.2138026055477305,0.9017257167006478,0.2,0.3221095301990777
253,98.4251968503937,0.8098899658451095,Exploit (AI),4.212897768348778,0.9024478948103998,0.4,0.32312535263951947
254,98.4313725490196,0.45997910835287287,Exploit (AI),4.211992931149825,0.9006856430500103,0.4,0.3240514650368266
255,98.4375,0.855918617099548,Exploit (AI),4.211088093950873,0.8988616102042998,0.6,0.32528041731871293
256,98.44357976653697,0.6081923972677249,Exploit (AI),4.210183256751921,0.8974658604524154,0.2,0.3255315833996098
257,98.44961240310077,0.68580427881295,Exploit (AI),4.209278419552968,0.8981783834839496,0.4,0.32615293840282605
258,98.45559845559846,0.0,Exploit (AI),4.208373582354016,0.8987874321698331,0.0,0.3219525177234401
259,98.46153846153847,0.0,Exploit (AI),4.207468745155063,0.8970276008491973,0.0,0.32284358185294265
260,98.46743295019157,0.0,Exploit (AI),4.206563907956111,0.895209934949675,0.0,0.3232804215058753
261,98.47328244274809,0.40138567127429886,Exploit (AI),4.2054593391148485,0.8939184789685575,0.2,0.3240556716581696
262,98.47908745247148,0.0,Explore (Randomized),4.204354770273587,0.8921003417810736,0.0,0.32336785846698546
263,98.48484848484848,0.42951103608988006,Exploit (AI),4.203250201432325,0.890797546012213,0.2,0.32276420894598906
264,98.49056603773585,0.20568275351322293,Exploit (AI),4.202145632591062,0.8914630276102258,0.2,0.3235560922839854
265,98.49624060150376,0.6312630909152258,Exploit (AI),4.2201364659403975,0.8901245439677387,0.2,0.32392241918398035
266,98.50187265917603,0.07099115211881726,Exploit (AI),4.219231628741444,0.8907228087711069,0.2,0.32403648099976834
267,98.50746268656717,0.4033245217956035,Exploit (AI),4.218326791542492,0.8893511639424907,0.2,0.3240022883637477
268,98.51301115241635,0.14369698963088845,Exploit (AI),4.21742195434354,0.8898850150648164,0.2,0.32426819030784143
269,98.51851851851852,0.0,Explore (Randomized),4.216517117144587,0.8884826325410793,0.0,0.32370658155184406
270,98.5239852398524,0.5009159840017781,Exploit (AI),4.215612279945635,0.8920862435468635,0.2,0.3236803073209611
271,98.52941176470588,0.27985490853074274,Exploit (AI),4.214707442746683,0.8944988514084817,0.2,0.324455124253784
272,98.53479853479854,0.293464107249354,Exploit (AI),4.2138026055477305,0.897993855051455,0.2,0.3237833834247767
273,98.54014598540147,0.35114366117923246,Explore (Randomized),4.212897768348777,0.9002997961385717,0.4,0.32467664857195233
274,98.54545454545455,0.12213063921873006,Exploit (AI),4.211992931149826,0.8987462118960782,0.4,0.32553562066191843
275,98.55072463768117,0.0,Explore (Randomized),4.211088093950873,0.8971381462724709,0.0,0.32550869231364044
276,98.55595667870037,0.4941407317550057,Exploit (AI),4.210183256751921,0.8957912556184171,0.2,0.3262335706571378
277,98.56115107913669,0.3017332353860829,Exploit (AI),4.209278419552968,0.8943872237009087,0.2,0.32600892513415036
278,98.56630824372759,0.322835983921458,Exploit (AI),4.208373582354016,0.8949813164701985,0.4,0.3267324803727676
279,98.57142857142858,0.0,Exploit (AI),4.207468745155063,0.893549122407061,0.0,0.32547731448665235
280,98.57651245551602,0.0,Exploit (AI),4.206563907956111,0.8940836777443868,0.0,0.32497326710955343
281,98.58156028368793,0.0,Exploit (AI),4.2054593391148485,0.8926254349533678,0.0,0.3245344110453334
282,98.58657243816255,0.25219491428199375,Exploit (AI),4.222850977537254,0.8931028714802959,0.2,0.3242770345968335
283,98.59154929577466,0.22237976678987142,Exploit (AI),4.221946140338302,0.8953818827708205,0.2,0.32459823068374094
284,98.59649122807016,0.1304701860870192,Exploit (AI),4.22104130313935,0.8987551867219419,0.2,0.32430260822822093
285,98.6013986013986,0.0,Exploit (AI),4.2201364659403975,0.8991535671099868,0.0,0.32377165077989223
286,98.60627177700349,0.0,Exploit (AI),4.219231628741444,0.8994703794703303,0.0,0.322025434816292
287,98.61111111111111,0.0,Explore (Randomized),4.218326791542492,0.8997071265863488,0.0,0.32056531359475576
288,98.6159169550173,0.22321857754002256,Exploit (AI),4.217421954343539,0.8983167518149556,0.2,0.3207801232402195
289,98.62068965517241,0.5502897167624352,Exploit (AI),4.216517117144588,0.9005246814433611,0.2,0.3209066779338908
290,98.62542955326461,0.10538407915946157,Exploit (AI),4.215612279945635,0.9007179705365685,0.4,0.32113403506661053
291,98.63013698630137,0.2293932458202949,Exploit (AI),4.214707442746683,0.9039864291772209,0.2,0.3213637435781014
292,98.63481228668942,0.4091813156847417,Exploit (AI),4.2138026055477305,0.9061058631061847,0.4,0.3223090996255083
293,98.63945578231292,0.4744857660262552,Exploit (AI),4.227122031240606,0.9092783505154161,0.2,0.32226167185281085
294,98.64406779661017,0.2093858891726227,Exploit (AI),4.226770405625542,0.9093996551543492,0.2,0.3221414038235012
295,98.64864864864865,0.06730234095437009,Exploit (AI),4.226418780010478,0.9082201720741728,0.2,0.3222554435849014
296,98.65319865319864,0.02861296179621171,Exploit (AI),4.226067154395415,0.9068935382716852,0.2,0.32261409972756694
297,98.65771812080537,0.02963878358305556,Exploit (AI),4.225715528780351,0.9099702838405107,0.2,0.32274848916195537
298,98.66220735785953,0.0,Explore (Randomized),4.225363903165287,0.9085929163066767,0.0,0.3220763011672052
299,98.66666666666667,0.03548115056156524,Exploit (AI),4.225012277550223,0.9071666162684755,0.2,0.322622999601064
300,98.67109634551495,0.0,Explore (Randomized),4.224660651935159,0.9101511879049219,0.0,0.3220694352773247
301,98.67549668874173,0.0,Exploit (AI),4.223755814736207,0.9086778918002935,0.0,0.32187811874709576
302,98.67986798679867,0.0,Exploit (AI),4.222850977537254,0.9088650200464827,0.0,0.31954635754353
303,98.68421052631578,0.21158192708687337,Exploit (AI),4.221946140338302,0.9073735886106574,0.2,0.32021518714145114
304,98.68852459016394,0.0,Exploit (AI),4.22104130313935,0.9075167065020775,0.0,0.3207082762430192
305,98.69281045751634,0.19049477212366633,Exploit (AI),4.2201364659403975,0.9060087082728153,0.2,0.3216844598369529
306,98.69706840390879,0.011029314607773478,Exploit (AI),4.219231628741444,0.9044575596180171,0.0,0.32054796270137037
307,98.7012987012987,0.0,Exploit (AI),4.218326791542492,0.9028647568287378,0.0,0.3209699846861091
308,98.70550161812298,0.5677761781666226,Exploit (AI),4.217421954343539,0.9057629369633873,0.2,0.3219113658595397
309,98.70967741935483,0.0,Exploit (AI),4.216517117144588,0.9078885214926354,0.0,0.32162667332142475
310,98.71382636655949,0.0,Exploit (AI),4.215612279945635,0.9107010027776041,0.0,0.3206588240555454
311,98.71794871794873,0.16742242298388194,Exploit (AI),4.214707442746683,0.9108636661363848,0.2,0.3207327581826584
312,98.7220447284345,0.2728165473423084,Exploit (AI),4.2138026055477305,0.9109582035426607,0.2,0.32110549532444493
313,98.72611464968153,0.30953630336624455,Explore (Randomized),4.212897768348777,0.9101449275361898,0.2,0.32096700293237784
314,98.73015873015873,0.0,Exploit (AI),4.211992931149826,0.9122040910135181,0.0,0.3211628072215434
315,98.73417721518987,0.0,Explore (Randomized),4.211088093950873,0.9113443460800897,0.0,0.32112421318304235
316,98.73817034700315,0.0,Exploit (AI),4.226067154395415,0.9114235182077497,0.0,0.31805576959765
317,98.74213836477988,0.442297676160113,Exploit (AI),4.225715528780351,0.9134134224550214,0.2,0.31824856169678223
318,98.7460815047022,0.257774310214611,Exploit (AI),4.225363903165287,0.9125319463748862,0.2,0.31710393284363003
319,98.75,0.0,Exploit (AI),4.225012277550223,0.9125746368415955,0.0,0.3154679459847102
320,98.75389408099689,0.27999454400663737,Exploit (AI),4.224660651935159,0.9116655607166152,0.2,0.31594983158000634
321,98.75776397515527,0.15896383347872006,Exploit (AI),4.223755814736207,0.9135959115340155,0.2,0.3162569335802381
322,98.76160990712074,0.051085325558669716,Exploit (AI),4.222850977537254,0.9126448847482432,0.2,0.31665032586630054
323,98.76543209876543,0.3071766345376853,Exploit (AI),4.221946140338302,0.9116456795483755,0.2,0.31743940247446367
324,98.76923076923076,0.30810879232994426,Exploit (AI),4.22104130313935,0.9116999697897841,0.2,0.31775199274707977
325,98.77300613496932,0.21339904453906589,Exploit (AI),4.2201364659403975,0.9116925452517409,0.2,0.3176310395471297
326,98.77675840978594,0.0,Exploit (AI),4.219231628741444,0.910460215419945,0.0,0.3179850556464623
327,98.78048780487805,0.0,Exploit (AI),4.218326791542492,0.9094936173809742,0.0,0.3172347487473632
328,98.78419452887537,0.6747042960758051,Exploit (AI),4.217421954343539,0.9113880351955158,0.2,0.31791356987564373
329,98.7878787878788,1.1408671049267076,Exploit (AI),4.216517117144588,0.9103828791171664,0.4,0.31881267368090416
330,98.79154078549848,0.23810234300790353,Exploit (AI),4.215612279945635,0.9091821916102688,0.4,0.31908635402857477
331,98.79518072289156,0.46837233095654013,Exploit (AI),4.214707442746683,0.907940691927475,0.2,0.31962955644220986
332,98.7987987987988,0.0,Exploit (AI),4.2138026055477305,0.9069562016930066,0.0,0.31802498829850795
333,98.80239520958084,0.0,Exploit (AI),4.212897768348777,0.90592821179142,0.0,0.3174356373541571
334,98.80597014925372,0.2796122711213143,Exploit (AI),4.211992931149826,0.9048578915540856,0.2,0.31798224715115536
335,98.80952380952381,0.08495861800905691,Explore (Randomized),4.211088093950873,0.9036740574721482,0.2,0.31864498838754013
336,98.81305637982196,0.06641378774631672,Exploit (AI),4.210183256751921,0.9025948738326682,0.2,0.31871206210616504
337,98.81656804733728,0.012769846025041965,Exploit (AI),4.209278419552968,0.9014044500551955,0.0,0.31801111412887695
338,98.82005899705014,0.16414374989569205,Exploit (AI),4.208373582354016,0.9015886713999568,0.2,0.31771938631218444
339,98.82352941176471,0.21478601996755559,Exploit (AI),4.207468745155063,0.9003816496611534,0.4,0.31851057993072984
340,98.82697947214076,0.2820440584669831,Exploit (AI),4.206563907956111,0.8993464557793843,0.2,0.3187540094408063
341,98.83040935672514,0.6300576226413728,Exploit (AI),4.205860037176958,0.9020823692734496,0.2,0.31897743262378003
342,98.83381924198251,0.0,Exploit (AI),4.205156166397804,0.9008690991232091,0.0,0.3188376406690801
343,98.83720930232558,0.5499743281831949,Exploit (AI),4.221946140338302,0.9010584024974909,0.2,0.31822766799151675
344,98.84057971014492,0.5707635198417664,Exploit (AI),4.22104130313935,0.9029700716913514,0.4,0.3187135945461214
345,98.84393063583815,0.38757732392516137,Exploit (AI),4.2201364659403975,0.9017475143115056,0.4,0.3192231879268949
346,98.84726224783861,0.3346232674126729,Exploit (AI),4.219231628741444,0.9044128140608816,0.2,0.319448153440002
347,98.85057471264368,0.0,Exploit (AI),4.218326791542492,0.903424095486725,0.0,0.31911587302758115
348,98.8538681948424,0.4650796889994783,Exploit (AI),4.217421954343539,0.9060214973778813,0.2,0.31960272130587486
349,98.85714285714286,0.0,Exploit (AI),4.216517117144588,0.9061991418848606,0.0,0.31878215718325587
350,98.86039886039886,0.0,Exploit (AI),4.215612279945635,0.9049913688617583,0.0,0.3189641557137401
351,98.86363636363636,0.5061067161373243,Exploit (AI),4.214707442746683,0.9051355102636823,0.2,0.3194119969404919
352,98.86685552407933,0.0,Exploit (AI),4.2138026055477305,0.9039135323346666,0.0,0.3180550956644146
353,98.87005649717514,0.1943892529623151,Exploit (AI),4.212897768348777,0.9040253931611274,0.2,0.31887930180130597
354,98.87323943661971,0.161854533013293,Exploit (AI),4.211992931149826,0.9027902145491993,0.2,0.3188174707094415
355,98.87640449438202,0.42305655366506995,Exploit (AI),4.226418780010478,0.9019072018217726,0.2,0.31901734260307724
356,98.8795518207283,0.43384173493785083,Exploit (AI),4.226067154395415,0.902006440426027,0.4,0.31958596849968796
357,98.88268156424581,0.19438925054088885,Exploit (AI),4.225715528780351,0.9007871802080087,0.2,0.3200402623435197
358,98.88579387186628,0.7247839002952443,Exploit (AI),4.232175878392115,0.903318731382481,0.2,0.3193838510161236
359,98.88888888888889,0.10110891449667136,Exploit (AI),4.231934521314276,0.9020672374190539,0.2,0.3191364511401721
360,98.89196675900277,0.24734084716806834,Exploit (AI),4.231693164236437,0.9012205663704262,0.2,0.3197063494361829
361,98.89502762430939,0.0,Exploit (AI),4.231341538621373,0.8999656616990281,0.0,0.31986880271480334
362,98.89807162534436,0.0024336664134402275,Exploit (AI),4.230989913006309,0.8986803069053402,0.0,0.31988916239794224
363,98.9010989010989,0.21734190360514188,Exploit (AI),4.230638287391245,0.9011494252873257,0.2,0.31977457906932605
364,98.9041095890411,0.22756533389013095,Exploit (AI),4.230286661776181,0.9035572586387838,0.2,0.3195629251084887
365,98.90710382513662,0.47831247896178775,Explore (Randomized),4.229935036161118,0.9037037037036731,0.4,0.3201902435069912
366,98.9100817438692,0.0,Exploit (AI),4.229583410546054,0.9024086295266187,0.0,0.32044163817639604
367,98.91304347826086,0.26065231207575945,Exploit (AI),4.234830806248349,0.901624500665749,0.2,0.3204820416837093
368,98.91598915989161,0.12857302413446264,Explore (Randomized),4.234589449170509,0.9003273051872615,0.4,0.32110301068209807
369,98.91891891891892,0.0,Exploit (AI),4.23434809209267,0.8995334778894507,0.0,0.3214378715305846
370,98.92183288409704,0.0,Exploit (AI),4.23410673501483,0.8982347374946683,0.0,0.3221051952064562
371,98.9247311827957,0.0,Exploit (AI),4.233865377936991,0.8974319066147569,0.0,0.3215092292562476
372,98.92761394101876,0.09758230082022257,Exploit (AI),4.233624020859152,0.8976354075937644,0.2,0.3207223227190017
373,98.93048128342245,0.4365352028993447,Explore (Randomized),4.233382663781312,0.8968134897736456,0.2,0.3205915657831414
374,98.93333333333332,0.09910765534016278,Exploit (AI),4.233141306703473,0.8987633016968364,0.2,0.32098879406273256
375,98.93617021276596,0.307465478423981,Exploit (AI),4.232899949625634,0.8989381318750906,0.2,0.3217343056198542
376,98.93899204244032,0.0,Exploit (AI),4.232658592547795,0.8977040896889026,0.0,0.32149594235031564
377,98.94179894179894,0.2859459731553834,Exploit (AI),4.2324172354699545,0.896892850417397,0.2,0.3216598304205196
378,98.94459102902374,0.39784185371269054,Exploit (AI),4.232175878392115,0.89705542544884,0.4,0.3223246033030055
379,98.94736842105263,0.0,Exploit (AI),4.231934521314276,0.8962264150943118,0.0,0.3205442741452397
380,98.9501312335958,0.5018511585959419,Explore (Randomized),4.231693164236437,0.8950334494558406,0.2,0.3207880050009324
381,98.95287958115183,0.0,Exploit (AI),4.231341538621373,0.8941969483423955,0.0,0.3207634037875975
382,98.9556135770235,0.0,Exploit (AI),4.230989913006309,0.8961116710956077,0.0,0.3204565435515604
383,98.95833333333334,0.0,Exploit (AI),4.230638287391245,0.8952461902737875,0.0,0.3211825327971116
384,98.96103896103897,0.1528694915453573,Exploit (AI),4.230286661776181,0.8943494132198724,0.2,0.3217031385072484
385,98.96373056994818,0.0,Exploit (AI),4.229935036161118,0.8945485110470434,0.0,0.3218615537413104
386,98.96640826873386,0.25448489210701897,Exploit (AI),4.229583410546054,0.8969009192442168,0.2,0.32199594635093404
387,98.96907216494846,0.4250920982486816,Exploit (AI),4.22923178493099,0.8991996177278433,0.2,0.3216265306513032
388,98.97172236503856,0.064846379320627,Exploit (AI),4.228880159315926,0.8980741268286627,0.2,0.3219783460166025
389,98.97435897435898,0.5441119910662658,Exploit (AI),4.228528533700862,0.8982460284651008,0.2,0.32271861117142175
390,98.9769820971867,0.6687409648863837,Exploit (AI),4.228176908085798,0.898375201997917,0.2,0.3213528546880359
391,98.9795918367347,0.3166745303755891,Exploit (AI),4.227825282470734,0.9002519186829663,0.2,0.32117907677227486
392,98.9821882951654,0.0,Exploit (AI),4.22747365685567,0.8991354970164199,0.0,0.32126925537302337
393,98.98477157360406,0.0,Exploit (AI),4.227122031240606,0.9013819533155006,0.0,0.3208254949899792
394,98.9873417721519,0.4495448012555081,Exploit (AI),4.226770405625542,0.9014877943087998,0.2,0.3210310566811687
395,98.98989898989899,0.0,Exploit (AI),4.226418780010478,0.9003617155652266,0.0,0.3211427032916213
396,98.99244332493703,0.6747289118325054,Exploit (AI),4.226067154395415,0.9025569076592441,0.2,0.32181368523213744
397,98.99497487437185,0.7582288641888948,Exploit (AI),4.225715528780351,0.9014055653559182,0.4,0.32226932832295907
398,98.99749373433583,0.4384450261668468,Exploit (AI),4.225363903165287,0.9015034400747219,0.2,0.32246856107365013
399,99.0,0.29595429357034353,Exploit (AI),4.225012277550223,0.9036484807409664,0.2,0.3223673280349936
400,99.00249376558602,0.0,Exploit (AI),4.224660651935159,0.9024891258593827,0.0,0.32255261378831046
401,99.00497512437812,0.7470043465882098,Exploit (AI),4.231341538621373,0.9017577144132332,0.2,0.32288705642637
402,99.0074441687345,0.33109375545026287,Exploit (AI),4.230989913006309,0.9036025259409436,0.4,0.32295523828958295
403,99.00990099009901,0.0,Exploit (AI),4.230638287391245,0.902443879243589,0.0,0.3230705519338749
404,99.01234567901234,0.46450572399604984,Explore (Randomized),4.230286661776181,0.9045413185540326,0.2,0.32314954939988416
405,99.01477832512316,0.0,Exploit (AI),4.229935036161118,0.9033594563489642,0.0,0.32303557419804446
406,99.01719901719902,0.0,Exploit (AI),4.229583410546054,0.9021539634561202,0.0,0.32343560969761675
407,99.01960784313727,0.4719818779544501,Exploit (AI),4.22923178493099,0.9014621466478692,0.2,0.3235314279403156
408,99.02200488997555,0.0,Exploit (AI),4.228880159315926,0.9002556306003042,0.0,0.32067966777198015
409,99.02439024390245,0.0,Explore (Randomized),4.228528533700862,0.8995558409589315,0.0,0.32098981845083335
410,99.02676399026764,0.0,Exploit (AI),4.23410673501483,0.9016092444823758,0.0,0.3198345187460961
411,99.02912621359224,0.0,Exploit (AI),4.233865377936991,0.9004031402503475,0.0,0.32035278158546615
412,99.0314769975787,0.61515752309819,Exploit (AI),4.233624020859152,0.902409861651168,0.2,0.32068247572662983
413,99.03381642512076,0.0,Explore (Randomized),4.233382663781312,0.9011830274987934,0.0,0.3201726837781794
414,99.03614457831326,0.08422477034493933,Exploit (AI),4.233141306703473,0.9004993333507386,0.2,0.320741650598701
415,99.03846153846155,0.0,Exploit (AI),4.232899949625634,0.8997868247283082,0.0,0.3200765957373598
416,99.04076738609112,0.015108847587573582,Exploit (AI),4.232658592547795,0.8985815053096428,0.0,0.3196990611926557
417,99.04306220095694,0.0,Exploit (AI),4.2324172354699545,0.8973550408299293,0.0,0.31979986384278314
418,99.0453460620525,0.0,Exploit (AI),4.232175878392115,0.8966572180086086,0.0,0.3198301244863431
419,99.04761904761905,0.5901735006900829,Exploit (AI),4.231934521314276,0.8986245542536705,0.2,0.32005082840323806
420,99.04988123515439,0.38316082322404604,Exploit (AI),4.231693164236437,0.9004546955571698,0.2,0.32056488777531356
421,99.0521327014218,0.41551141919462786,Exploit (AI),4.231341538621373,0.9022393352923068,0.4,0.32103450257033256
422,99.05437352245863,0.5258112059591851,Exploit (AI),4.230989913006309,0.9025194824846562,0.4,0.32163830604524746
423,99.05660377358491,0.18035135624351684,Exploit (AI),4.230638287391245,0.9042603490769856,0.2,0.32170444572620227
424,99.05882352941177,0.0,Exploit (AI),4.230286661776181,0.904504369162951,0.0,0.3213453100694112
425,99.06103286384976,0.006562732576814678,Explore (Randomized),4.229935036161118,0.9038099506947334,0.0,0.32165954375950656
426,99.06323185011709,0.0,Explore (Randomized),4.229583410546054,0.905735078612034,0.0,0.3212767811654792
427,99.06542056074767,0.07688201906404171,Exploit (AI),4.22923178493099,0.9074354782780774,0.2,0.32166596612466186
428,99.06759906759906,0.0,Exploit (AI),4.228880159315926,0.9062710821124978,0.0,0.32165080933069445
429,99.06976744186046,0.17483013601749703,Exploit (AI),4.228528533700862,0.9081532416502724,0.2,0.3217972985405173
430,99.07192575406032,0.4659008543791767,Exploit (AI),4.228176908085798,0.9069697043673338,0.2,0.3221629238013218
431,99.07407407407408,0.34033989496535905,Exploit (AI),4.227825282470734,0.9062937062936844,0.4,0.3223763327981029
432,99.07621247113164,0.6274936372208957,Explore (Randomized),4.22747365685567,0.9081349446610423,0.2,0.3227064605846738
433,99.07834101382488,0.0,Exploit (AI),4.227122031240606,0.9098005120030694,0.0,0.32239255712391895
434,99.08045977011494,0.5252919743902745,Exploit (AI),4.226770405625542,0.9115982175117209,0.2,0.32281922893674997
435,99.08256880733946,0.585408003534455,Exploit (AI),4.226418780010478,0.9118626181224898,0.2,0.32259785103170824
436,99.08466819221968,0.1879191514079575,Exploit (AI),4.226067154395415,0.9106988721714655,0.2,0.3228654302327447
437,99.08675799086758,0.5334938690906472,Exploit (AI),4.225715528780351,0.912456599286542,0.2,0.32338468518260965
438,99.08883826879271,0.44283425360393397,Explore (Randomized),4.225363903165287,0.9112750313260773,0.2,0.3240205418667753
439,99.0909090909091,0.18679763904017652,Explore (Randomized),4.225012277550223,0.9100738024725966,0.4,0.32440784341628826
440,99.09297052154194,0.0,Exploit (AI),4.224660651935159,0.9103424064408709,0.0,0.3242915811572636
441,99.09502262443439,0.44923378337756603,Exploit (AI),4.223755814736207,0.9105756233977882,0.2,0.32453859213063546
442,99.09706546275395,0.47812565017123754,Exploit (AI),4.222850977537254,0.9093811542827807,0.2,0.3247284502924538
443,99.09909909909909,0.6363189341247046,Exploit (AI),4.221946140338302,0.9087958694449358,0.2,0.3244803498208599
444,99.10112359550561,0.7336067138965796,Exploit (AI),4.221041303139349,0.9090178796850764,0.4,0.32490796875011796
445,99.10313901345292,0.0,Exploit (AI),4.2201364659403975,0.9106624547909878,0.0,0.32505592424039054
446,99.10514541387025,0.5342905803330006,Exploit (AI),4.219231628741444,0.9100635376101454,0.2,0.325745216713832
447,99.10714285714286,0.0,Explore (Randomized),4.218326791542492,0.9102635040137669,0.0,0.3257600915304914
448,99.10913140311804,0.0,Exploit (AI),4.217421954343539,0.9104296972023188,0.0,0.32566253657260275
449,99.11111111111111,0.0,Exploit (AI),4.228528533700862,0.9121621621621417,0.0,0.32516865000989703
450,99.1130820399113,0.0,Exploit (AI),4.228176908085798,0.9115602662065362,0.0,0.32536757784390885
451,99.11504424778761,0.0,Exploit (AI),4.227825282470734,0.9109327626181357,0.0,0.32438318708466274
452,99.11699779249447,0.0,Exploit (AI),4.233624020859152,0.9102801250914697,0.0,0.32334497136053875
453,99.11894273127754,0.5926092634943807,Exploit (AI),4.233382663781312,0.9096028243600859,0.2,0.3239384013196021
454,99.12087912087912,0.45927533426604017,Exploit (AI),4.233141306703473,0.9097800531739381,0.4,0.3242205098928371
455,99.12280701754386,0.0,Explore (Randomized),4.232899949625634,0.9099247330649198,0.0,0.32295440456821634
456,99.12472647702407,0.46997187935656715,Exploit (AI),4.232658592547795,0.9092448681947604,0.2,0.3231203874043689
457,99.12663755458514,0.07411177021160911,Exploit (AI),4.2324172354699545,0.9093683617288572,0.2,0.3233545406186684
458,99.12854030501089,0.0,Exploit (AI),4.232175878392115,0.9109938814779386,0.0,0.32277470200163527
459,99.1304347826087,0.0,Exploit (AI),4.231934521314276,0.9103032910303096,0.0,0.32252865106592243
460,99.13232104121475,0.17042044399508183,Exploit (AI),4.231693164236437,0.9095893342463801,0.2,0.32310924281955805
461,99.13419913419914,0.22474310355526236,Exploit (AI),4.231341538621373,0.9111803628601728,0.2,0.32335997810789097
462,99.13606911447084,0.37214877355148906,Explore (Randomized),4.230989913006309,0.9112972134248537,0.2,0.32366306095349223
463,99.13793103448276,0.7757174454046718,Exploit (AI),4.230638287391245,0.9128513885944264,0.4,0.32412460749680805
464,99.13978494623656,0.041080619227659196,Exploit (AI),4.235554877481866,0.9121300963911138,0.2,0.3232729801244251
465,99.14163090128756,0.14706658937854283,Exploit (AI),4.235313520404027,0.9113862424979874,0.2,0.32270160931538805
466,99.14346895074947,0.6389559447299737,Explore (Randomized),4.235072163326188,0.9106202634710348,0.2,0.3230187298312744
467,99.14529914529915,0.3576820123232368,Exploit (AI),4.234830806248349,0.9107405713335085,0.4,0.32311330140693323
468,99.14712153518124,0.18624883443772938,Exploit (AI),4.239796158573092,0.9122659311946393,0.2,0.3227167003444912
469,99.14893617021276,0.536957774731235,Exploit (AI),4.239523170841435,0.9113788266358424,0.2,0.32321769834886105
470,99.15074309978769,0.03609619322776991,Exploit (AI),4.23925018310978,0.9114818086570473,0.2,0.3231893485961216
471,99.15254237288136,0.6441807215127973,Exploit (AI),4.245071663349563,0.9107350175782661,0.2,0.3235368636888573
472,99.15433403805497,0.25502231897453276,Exploit (AI),4.244728151913649,0.9108188979583344,0.2,0.32379262849049634
473,99.15611814345992,0.0,Exploit (AI),4.244384640477735,0.9099509942893989,0.0,0.32348210296837243
474,99.1578947368421,0.0,Exploit (AI),4.244041129041821,0.9090634380225043,0.0,0.32400081683818105
475,99.15966386554622,0.0,Exploit (AI),4.243697617605907,0.9091405184174444,0.0,0.3237655097188428
476,99.16142557651992,0.0,Exploit (AI),4.243354106169993,0.9091886275998301,0.0,0.3238793183153752
477,99.16317991631799,0.0,Exploit (AI),4.243010594734079,0.9083045120254243,0.0,0.3235765937620919
478,99.16492693110646,0.6411816953880969,Exploit (AI),4.242667083298165,0.907616843687555,0.2,0.3242164823313175
479,99.16666666666667,0.3335861178614931,Exploit (AI),4.242323571862251,0.9076583674755574,0.4,0.32425619601459316
480,99.16839916839916,0.15014451738443507,Exploit (AI),4.241980060426337,0.9076717864218422,0.2,0.3243967437779615
481,99.1701244813278,0.005156114423548405,Exploit (AI),4.241707072694681,0.9076574464759942,0.0,0.32438781019948915
482,99.17184265010351,0.5247581606995574,Explore (Randomized),4.241434084963025,0.9069805415702641,0.2,0.3248475886680924
483,99.17355371900827,0.0,Exploit (AI),4.24116109723137,0.9069495528281989,0.0,0.3244309750221521
484,99.17525773195877,0.714453779131095,Exploit (AI),4.247476243400961,0.9068915662650429,0.2,0.3245460598835164
485,99.1769547325103,0.0,Exploit (AI),4.247132731965048,0.9060764155286002,0.0,0.3240180157544098
486,99.17864476386036,0.43434509659683496,Exploit (AI),4.246789220529134,0.9054152589283838,0.2,0.32309839554174025
487,99.18032786885246,0.0,Exploit (AI),4.252477269173716,0.9053527980535108,0.0,0.3223297498597677
488,99.18200408997954,0.4500581551552612,Exploit (AI),4.25219827070994,0.9070841947536956,0.2,0.3227013149514689
489,99.18367346938776,0.6648760820342063,Exploit (AI),4.2519192722461625,0.9062771298078567,0.4,0.3231607704242774
490,99.18533604887983,0.3730862833423162,Exploit (AI),4.251640273782386,0.906200311989007,0.6,0.32364910279856324
491,99.1869918699187,0.35742638591781106,Exploit (AI),4.251361275318609,0.9078988823043862,0.2,0.3237143141222891
492,99.18864097363083,0.09190701146273313,Exploit (AI),4.251082276854833,0.9070854093190597,0.2,0.3240914731514076
493,99.19028340080972,0.0,Exploit (AI),4.250803278391055,0.906253713606638,0.0,0.3239627870128776
494,99.19191919191918,0.0,Exploit (AI),4.250524279927279,0.9054041570438631,0.0,0.32423543902653756
495,99.19354838709677,0.2456221413558542,Exploit (AI),4.250245281463503,0.9070717498709367,0.2,0.3244583592568694
496,99.19517102615694,0.022680414786209014,Exploit (AI),4.249966282999726,0.9062056314775583,0.2,0.324637297952992
497,99.19678714859438,0.3455177465528304,Exploit (AI),4.249687284535948,0.905322333357653,0.2,0.324922626966543
498,99.19839679358718,0.6106346566773732,Exploit (AI),4.249408286072172,0.9047508311683429,0.2,0.3252001768281558
499,99.2,0.0,Exploit (AI),4.249129287608395,0.9038649264253786,0.0,0.32378216546892014
